{
  "values": [
    {
      "path": "weights.hard.uncovered_shift",
      "raw": null,
      "used": 0.0,
      "default": 0.0,
      "defaulted": true
    },
    {
      "path": "weights.hard.slack_unfilled",
      "raw": 20,
      "used": 20.0,
      "default": 0.0,
      "defaulted": false
    },
    {
      "path": "weights.hard.slack_shift_less",
      "raw": 1,
      "used": 1.0,
      "default": 0.0,
      "defaulted": false
    },
    {
      "path": "weights.hard.slack_shift_more",
      "raw": 1,
      "used": 1.0,
      "default": 0.0,
      "defaulted": false
    },
    {
      "path": "weights.hard.slack_cant_work",
      "raw": 20,
      "used": 20.0,
      "default": 0.0,
      "defaulted": false
    },
    {
      "path": "weights.hard.slack_consec",
      "raw": 1,
      "used": 1.0,
      "default": 0.0,
      "defaulted": false
    },
    {
      "path": "weights.hard.rest_12h",
      "raw": null,
      "used": 0.0,
      "default": 0.0,
      "defaulted": true
    },
    {
      "path": "weights.hard.type_range",
      "raw": null,
      "used": 0.0,
      "default": 0.0,
      "defaulted": true
    },
    {
      "path": "weights.hard.weekend_range",
      "raw": null,
      "used": 0.0,
      "default": 0.0,
      "defaulted": true
    },
    {
      "path": "weights.hard.total_limit",
      "raw": null,
      "used": 0.0,
      "default": 0.0,
      "defaulted": true
    },
    {
      "path": "weights.hard.consecutive",
      "raw": null,
      "used": 0.0,
      "default": 0.0,
      "defaulted": true
    },
    {
      "path": "weights.soft.weekday_pref",
      "raw": null,
      "used": 1.0,
      "default": 1.0,
      "defaulted": true
    },
    {
      "path": "weights.soft.type_pref",
      "raw": null,
      "used": 1.0,
      "default": 1.0,
      "defaulted": true
    },
    {
      "path": "weights.soft.cluster_size",
      "raw": 10,
      "used": 10.0,
      "default": 15.0,
      "defaulted": false
    },
    {
      "path": "weights.soft.requested_off",
      "raw": 10000000,
      "used": 10000000.0,
      "default": 3.0,
      "defaulted": false
    },
    {
      "path": "weights.soft.days_wanted_not_met",
      "raw": 10000000,
      "used": 10000000.0,
      "default": 0.0,
      "defaulted": false
    },
    {
      "path": "weights.soft.cluster_any_start",
      "raw": null,
      "used": 0.0,
      "default": 0.0,
      "defaulted": true
    },
    {
      "path": "weights.soft.cluster_weekend_start",
      "raw": 10000000,
      "used": 10000000.0,
      "default": 0.0,
      "defaulted": false
    },
    {
      "path": "weights.soft.transitions_any",
      "raw": null,
      "used": 0.0,
      "default": 0.0,
      "defaulted": true
    },
    {
      "path": "weights.soft.transitions_night",
      "raw": null,
      "used": 0.0,
      "default": 0.0,
      "defaulted": true
    },
    {
      "path": "objective.hard",
      "raw": 1,
      "used": 1.0,
      "default": 1.0,
      "defaulted": false
    },
    {
      "path": "objective.soft",
      "raw": 1,
      "used": 1.0,
      "default": 1.0,
      "defaulted": false
    },
    {
      "path": "objective.fair",
      "raw": 0,
      "used": 0.0,
      "default": 0.0,
      "defaulted": false
    },
    {
      "path": "solver.max_time_in_seconds",
      "raw": 125999.99999999999,
      "used": 1500.0,
      "default": 120.0,
      "defaulted": false,
      "note": "overridden_by_run_config"
    },
    {
      "path": "solver.phase1_fraction",
      "raw": 0.4,
      "used": 0.4,
      "default": 0.4,
      "defaulted": false
    },
    {
      "path": "solver.relative_gap",
      "raw": 1e-05,
      "used": 1e-05,
      "default": 0.01,
      "defaulted": false
    },
    {
      "path": "solver.num_threads",
      "raw": 16,
      "used": 16.0,
      "default": 8,
      "defaulted": false
    }
  ],
  "flags": {
    "solver.min_total_is_hard": false
  }
}